Model,Domain,Class,AI_Index
efficientnet_b0,cxr,Normal,0.3004913330078125
efficientnet_b0,cxr,Pneumonia,1.0
efficientnet_b0,cxr,TB,0.3037109375
efficientnet_b0,imagenet,Normal,0.30584716796875
efficientnet_b0,imagenet,Pneumonia,1.0
efficientnet_b0,imagenet,TB,0.301239013671875
mobilenet_v2,cxr,Normal,0.300689697265625
mobilenet_v2,cxr,Pneumonia,1.0
mobilenet_v2,cxr,TB,0.302947998046875
mobilenet_v2,imagenet,Normal,0.30078125
mobilenet_v2,imagenet,Pneumonia,1.0
mobilenet_v2,imagenet,TB,0.303924560546875
resnet50,cxr,Normal,0.30377197265625
resnet50,cxr,Pneumonia,1.0
resnet50,cxr,TB,0.3001556396484375
resnet50,imagenet,Normal,0.302490234375
resnet50,imagenet,Pneumonia,1.0
resnet50,imagenet,TB,0.3222198486328125
victorio,cxr,Normal,0.314361572265625
victorio,cxr,Pneumonia,0.5127912288716309
victorio,cxr,TB,0.3029632568359375
victorio,imagenet,Normal,0.3006591796875
victorio,imagenet,Pneumonia,0.30279541015625
victorio,imagenet,TB,0.300079345703125
