backend,model,warm_n,warm_mean_ms,warm_std_ms,warm_p50_ms,warm_p95_ms,warm_p99_ms,throughput_rps,cold_mean_ms,cold_max_ms
cpu,mobilenet_v2_cxr,300.0,257.78751150680665,292.2785069084858,100.84195850140532,923.9163685522727,1460.8301358697645,3.8791638669959223,401.9526871338409,1027.725397998438
cpu,mobilenet_v2_imagenet,300.0,135.52009269003366,219.81713847002,69.09518099928391,506.876759649459,1323.793949299395,7.378979604797313,106.82948559891277,426.3648509986524
cpu,efficientnet_b0_cxr,300.0,274.63245552672254,382.46231513431485,160.98564099957002,1010.1997981510067,1665.3930988198763,3.641230232901941,359.2925638001664,1637.9369040005258
cpu,efficientnet_b0_imagenet,300.0,325.4738616265361,407.1325244413432,187.66140250045282,1158.941839,2327.9460200521125,3.072443344613174,335.5936922661689,1280.8491389987466
cpu,resnet50_cxr,300.0,659.6483191699857,426.0655557157868,517.2196035000525,1429.8577148501868,2275.51835026028,1.515959293670706,635.7709695327987,1696.7140579981788
cpu,resnet50_imagenet,300.0,562.3723980567108,404.97710704326084,398.4706855007971,1445.2685773496346,2025.7348523879753,1.7781811544370247,689.9990927330995,1556.110486999387
cpu,victorio_cxr,300.0,34.5883460133094,34.82416645037611,19.4571165011439,113.06981549932972,122.99957128008826,28.911472078347018,41.30719353318758,147.57790099974955
cpu,victorio_imagenet,300.0,26.55602711018825,26.876411180730425,18.920933498520753,111.33418815097684,119.35907409879289,37.65623509310054,26.630153933122834,115.29354199956288
gpu,mobilenet_v2_cxr,300.0,131.14907489660254,66.23130966034736,92.61169800083735,262.03646405247133,299.26959110995085,7.624910818382793,174.20835699983098,301.60158400030923
gpu,mobilenet_v2_imagenet,300.0,134.2104667234647,66.95710656810199,93.07820849971904,272.81505950031715,300.09856454038504,7.4509837005519115,130.99810906642233,300.06446200059145
gpu,efficientnet_b0_cxr,300.0,157.60228617344788,74.49277754308464,109.78799499935121,299.6418828002789,368.7734217695833,6.3450856220414105,184.1067604002698,311.4581659974647
gpu,efficientnet_b0_imagenet,300.0,167.30597268990095,77.22824387984949,112.32622900206479,301.0944752495561,363.12632510078396,5.977072927656232,208.17350553382616,299.6146050027164
gpu,resnet50_cxr,300.0,287.5642121467172,70.27176905736924,249.77179600136878,431.6057794019799,487.5578023023627,3.4774841853053444,273.79941746621625,392.52594400022645
gpu,resnet50_imagenet,300.0,286.41684522663127,71.60984047216282,248.47367400070652,431.0730017501555,493.72657172218163,3.4914147567289078,301.3180949994421,430.39512900213595
gpu,victorio_cxr,300.0,69.99151711993666,64.63721265480783,47.54201299874694,204.30108479977207,254.29405753060564,14.287445695546381,74.19907986623002,201.23926599990227
gpu,victorio_imagenet,300.0,68.98158558001644,65.8434796092477,46.738292499867384,209.7653976483345,249.0941824175388,14.496622418747272,112.96082533323595,235.39782399893738
