model,class,support,precision,recall,recall_ci_low,recall_ci_high,f1
efficientnet_b0_cxr_best,Pneumonia,160,0.9938,1.0,0.9766,1.0,0.9969
efficientnet_b0_cxr_best,TB,160,0.9487,0.925,0.8735,0.9566,0.9367
efficientnet_b0_cxr_best,Normal,160,0.9264,0.9437,0.8966,0.9701,0.935
efficientnet_b0_imagenet_best,Pneumonia,160,1.0,1.0,0.9766,1.0,1.0
efficientnet_b0_imagenet_best,TB,160,0.9742,0.9437,0.8966,0.9701,0.9587
efficientnet_b0_imagenet_best,Normal,160,0.9455,0.975,0.9375,0.9902,0.96
mobilenet_v2_cxr_best,Pneumonia,160,0.9875,0.9875,0.9556,0.9966,0.9875
mobilenet_v2_cxr_best,TB,160,0.8704,0.8812,0.822,0.9226,0.8758
mobilenet_v2_cxr_best,Normal,160,0.8861,0.875,0.8148,0.9176,0.8805
mobilenet_v2_imagenet_best,Pneumonia,160,1.0,1.0,0.9766,1.0,1.0
mobilenet_v2_imagenet_best,TB,160,0.9632,0.9812,0.9463,0.9936,0.9721
mobilenet_v2_imagenet_best,Normal,160,0.9809,0.9625,0.9206,0.9827,0.9716
resnet50_cxr_best,Pneumonia,160,0.9876,0.9938,0.9655,0.9989,0.9907
resnet50_cxr_best,TB,160,0.9064,0.9688,0.9289,0.9866,0.9366
resnet50_cxr_best,Normal,160,0.973,0.9,0.8437,0.9375,0.9351
resnet50_imagenet_best,Pneumonia,160,1.0,1.0,0.9766,1.0,1.0
resnet50_imagenet_best,TB,160,0.9634,0.9875,0.9556,0.9966,0.9753
resnet50_imagenet_best,Normal,160,0.9872,0.9625,0.9206,0.9827,0.9747
victorio_cxr_best,Pneumonia,160,0.9146,0.9375,0.8888,0.9657,0.9259
victorio_cxr_best,TB,160,0.8188,0.7063,0.6315,0.7713,0.7584
victorio_cxr_best,Normal,160,0.7809,0.8688,0.8077,0.9125,0.8225
victorio_imagenet_best,Pneumonia,160,0.9152,0.9437,0.8966,0.9701,0.9292
victorio_imagenet_best,TB,160,0.8409,0.6937,0.6185,0.7599,0.7603
victorio_imagenet_best,Normal,160,0.776,0.8875,0.8292,0.9276,0.828
