model,subclass,n,correct,recall,ci_low,ci_high
efficientnet_b0_cxr_best,active,95,87,0.9158,0.8425,0.9567
efficientnet_b0_cxr_best,obsolete,26,24,0.9231,0.7586,0.9786
efficientnet_b0_cxr_best,unlabelled,36,34,0.9444,0.8186,0.9846
efficientnet_b0_cxr_best,both,3,3,1.0,0.4385,1.0
efficientnet_b0_imagenet_best,active,95,91,0.9579,0.8967,0.9835
efficientnet_b0_imagenet_best,obsolete,26,25,0.9615,0.8111,0.9932
efficientnet_b0_imagenet_best,unlabelled,36,32,0.8889,0.7468,0.9559
efficientnet_b0_imagenet_best,both,3,3,1.0,0.4385,1.0
mobilenet_v2_cxr_best,active,95,83,0.8737,0.7921,0.9262
mobilenet_v2_cxr_best,obsolete,26,23,0.8846,0.7102,0.96
mobilenet_v2_cxr_best,unlabelled,36,33,0.9167,0.7817,0.9713
mobilenet_v2_cxr_best,both,3,2,0.6667,0.2077,0.9385
mobilenet_v2_imagenet_best,active,95,93,0.9789,0.9265,0.9942
mobilenet_v2_imagenet_best,obsolete,26,26,1.0,0.8713,1.0
mobilenet_v2_imagenet_best,unlabelled,36,35,0.9722,0.8583,0.9951
mobilenet_v2_imagenet_best,both,3,3,1.0,0.4385,1.0
resnet50_cxr_best,active,95,92,0.9684,0.9112,0.9892
resnet50_cxr_best,obsolete,26,25,0.9615,0.8111,0.9932
resnet50_cxr_best,unlabelled,36,35,0.9722,0.8583,0.9951
resnet50_cxr_best,both,3,3,1.0,0.4385,1.0
resnet50_imagenet_best,active,95,93,0.9789,0.9265,0.9942
resnet50_imagenet_best,obsolete,26,26,1.0,0.8713,1.0
resnet50_imagenet_best,unlabelled,36,36,1.0,0.9036,1.0
resnet50_imagenet_best,both,3,3,1.0,0.4385,1.0
victorio_cxr_best,active,95,67,0.7053,0.607,0.7875
victorio_cxr_best,obsolete,26,15,0.5769,0.3895,0.7446
victorio_cxr_best,unlabelled,36,29,0.8056,0.6497,0.9025
victorio_cxr_best,both,3,2,0.6667,0.2077,0.9385
victorio_imagenet_best,active,95,65,0.6842,0.5851,0.769
victorio_imagenet_best,obsolete,26,15,0.5769,0.3895,0.7446
victorio_imagenet_best,unlabelled,36,29,0.8056,0.6497,0.9025
victorio_imagenet_best,both,3,2,0.6667,0.2077,0.9385
